Item URL,Name,Price,Sizes Available,SKU,Categories,Description,All image URLs
https://www.copunderdog.com/shop/sneakers/yeezy/adidas-yeezy-boost-350-v2-salt/,Adidas Yeezy Boost 350 V2 “Salt”,"₹30,999.00","7,8.5,9",N/A,"Adidas | Yeezy,Sneakers | Yeezy,Yeezy",,https://www.copunderdog.com/wp-content/uploads/2022/10/Yeezy-Boost-350-V2-Jade-Ash.jpeg
https://www.copunderdog.com/shop/sneakers/jordans/air-jordan-1-low-white-bordeaux/,Air Jordan 1 Low White Bordeaux,"₹16,999.00","6,7,9,10,11,12",N/A,"Jordans,SALE-2022,Sneakers","BRAND NEW,IN STORE READY TO SHIP",https://www.copunderdog.com/wp-content/uploads/2022/12/AJ1LowBordeaux_800x.jpg
https://www.copunderdog.com/shop/sneakers/jordans/air-jordan-1-low-se-craft-inside-out-obsidian/,Air Jordan 1 Low SE Craft ‘Inside Out – Obsidian’,"₹12,999.00","7,8,9,10,11,12",N/A,"Jordans,SALE-2022,Sneakers","BRAND NEW IN STORE,READY TO SHIP",https://www.copunderdog.com/wp-content/uploads/2022/12/Air-Jordan-1-Low-SE-Craft-DR8867-400-Release-Date-4.jpeg
https://www.copunderdog.com/shop/sneakers/jordans/air-jordan-1-low-taxi-university-gold-white/,Air Jordan 1 Low Taxi ‘University Gold White’,"₹13,999.00","7,7.5,9",N/A,"Jordans,Jordans,Sneakers",,https://www.copunderdog.com/wp-content/uploads/2022/09/Untitled_Artwork_800x.webp
https://www.copunderdog.com/shop/sneakers/jordans/air-jordan-1-mid-bred-toew/,Air Jordan 1 Mid ‘Bred Toe'(W),"₹17,999.00",5,N/A,"Bae Section,Jordans,Jordans,Jordans | Sneakers,SALE-2022,Sneakers","BRAND NEW,IN-STORE READY TO STORE",https://www.copunderdog.com/wp-content/uploads/2022/12/lowbred2_800x.webp
https://www.copunderdog.com/shop/sneakers/jordans/air-jordan-1-mid-se-craft-obsidian-french-blue-ashen-slate/,Air Jordan 1 Mid SE Craft Obsidian French Blue Ashen Slate,"₹19,999.00","8,9,10,11",N/A,"Jordans,Jordans,Sneakers","BRAND NEW,IN-STORE READY TO SHIP",https://www.copunderdog.com/wp-content/uploads/2022/12/download-5.jpeg
https://www.copunderdog.com/shop/sneakers/jordans/air-jordan-1-retro-high-off-white-chicago/,Air Jordan 1 Retro High Off-White Chicago,"₹650,000.00",8,N/A,"Jordans,SALE-2022,Sneakers","BRAND NEW,IN-STORE READY TO SHIP",https://www.copunderdog.com/wp-content/uploads/2022/12/ff3d2f6029d4fde56fd49f8dd441780-1200x1200-1.jpeg
https://www.copunderdog.com/shop/sneakers/jordans/air-jordan-1-retro-high-og-lost-and-found-pre-order/,Air Jordan 1 Retro High OG  Chicago ‘Lost and Found’,"₹34,999.00","5,5.5,6,7,9,10,12",N/A,"Jordans,Sneakers","BRAND NEW,
LIMITED PRE ORDERS ONLY,PLEASE NOTE THIS PRODUCT HAS AN ADDITIONAL DELIVERY PERIOD OF 3 WEEKS.",https://www.copunderdog.com/wp-content/uploads/2022/11/AJ1HighLost_Found_1400x.jpg
https://www.copunderdog.com/shop/sneakers/jordans/pre-order-jordan-1-retro-low-og-sp-travis-scott-black-phantom/,Air Jordan 1 Retro Low OG SP Travis Scott ‘Black Phantom’,"₹85,000.00","6,7,8,9,10,11",N/A,"Jordans,Jordans | Sneakers,Sneakers","BRAND NEW,Please note : This product has an additional period of 3 weeks",https://www.copunderdog.com/wp-content/uploads/2022/12/8346afec-0f1a-4110-ae87-e78a07041417.webp
https://www.copunderdog.com/shop/sneakers/yeezy/yeezy-boost-350-v2-onyx/,Yeezy Boost 350 v2 Onyx,"₹34,999.00","8,9,11.5",N/A,"Sneakers,Yeezy",,https://www.copunderdog.com/wp-content/uploads/2022/06/https___hypebeast.com_image_2022_06_adidas-yeezy-boost-350-v2-onyx-HQ4540-release-date-2.jpg
https://www.copunderdog.com/shop/sneakers/yeezy/yeezy-boost-350-v2-mono-mist/,Adidas Yeezy Boost 350 V2 Mono Mist,"₹23,500.00","8,11",N/A,"Sneakers,Yeezy","BRAND NEW,IN STORE READY TO SHIP, ",https://www.copunderdog.com/wp-content/uploads/2021/06/mono-mist1.jpg
https://www.copunderdog.com/shop/sneakers/jordans/air-jordan-1-low-craft-inside-out/,Air Jordan 1 Low Craft’ Inside Out ‘,"₹17,999.00",11,N/A,"Jordans,Sneakers","BRAND NEW,IN-STORE READY TO SHIP",https://www.copunderdog.com/wp-content/uploads/2022/12/937348_03.jpg.jpeg
https://www.copunderdog.com/shop/sneakers/jordans/air-jordan-1-low-golf-court-purple/,Air Jordan 1 Low Golf “Court Purple”,"₹21,999.00","7,11.5",N/A,"Jordans,Jordans,Jordans | Sneakers,Sneakers","BRAND NEW,IN-STORE READY TO SHIP",https://www.copunderdog.com/wp-content/uploads/2022/12/https___hypebeast.com_image_2022_11_air-jordan-1-low-golf-court-purple-DD9315-105-1.jpg
https://www.copunderdog.com/shop/sneakers/jordans/air-jordan-1-low-flyease-bio-hack/,Air Jordan 1 Low FlyEase “Bio Hack”,"₹24,000.00",9,N/A,"Jordans,Sneakers","BRAND NEW,IN-STORE READY TO SHIP",https://www.copunderdog.com/wp-content/uploads/2022/11/AJ1LOWFLYEASEbiohack_800x.webp
https://www.copunderdog.com/shop/sneakers/yeezy/yeezy-380-mists/,Adidas Yeezy 380 Mist,"₹23,999.00",6,N/A,"Bae Section,Sneakers,Yeezy","BRAND NEW,IN STORE READY TO SHIP",https://www.copunderdog.com/wp-content/uploads/2021/01/Adobe_Post_20210108_2257430.4951210558864424.png
https://www.copunderdog.com/shop/sneakers/jordans/air-jordan-1-low-white-ice-blue/,Air Jordan 1 Low White Ice Blue,"₹18,999.00","5,6,7",N/A,"Bae Section,Jordans,SALE-2022,Sneakers","BRAND NEW,IN-STORE READY TO SHIP",https://www.copunderdog.com/wp-content/uploads/2022/11/1ab97f28b41b4cf3aa7ef6428f106b7a-scaled.webp
https://www.copunderdog.com/shop/sneakers/yeezy/yeezy-slide-bone/,Adidas Yeezy Slide Bone,"₹19,999.00","6,7,8",N/A,"Sneakers | Yeezy,Yeezy","IN STORE,READY TO SHIP",https://www.copunderdog.com/wp-content/uploads/2022/08/Bone2_800x.webp
https://www.copunderdog.com/shop/sneakers/nike-dunk-high-mastermind/,Nike Dunk High Mastermind,"₹39,999.00",9,N/A,Sneakers,In store ready to ship,https://www.copunderdog.com/wp-content/uploads/2021/03/Adobe_Post_20210316_1757440.829654982116957.png
https://www.copunderdog.com/shop/sneakers/nike/dunk-low-michigan/,Nike Dunk Low Michigan,"₹17,999.00",8,N/A,"Nike,SALE-2022,Sneakers",,https://www.copunderdog.com/wp-content/uploads/2021/11/michigan.jpg
https://www.copunderdog.com/shop/sneakers/jordans/nike-air-jordan-1-retro-high-og-stealth/,Nike Air Jordan 1 Retro High OG Stealth,"₹18,999.00",11,N/A,"Jordans,Jordans,Sneakers",,https://www.copunderdog.com/wp-content/uploads/2022/08/stealth.webp
https://www.copunderdog.com/shop/sneakers/jordans/air-jordan-1-mid-siren-red/,Air Jordan 1 Mid ‘Siren Red’,"₹17,500.00",9.5,N/A,"Jordans,Jordans,Jordans | Sneakers,Sneakers",,https://www.copunderdog.com/wp-content/uploads/2022/05/wmns-air-jordan-1-mid-siren-red-bq6472-004_1_zyxvnw_1800x1800.jpg
https://www.copunderdog.com/shop/sneakers/jordans/air-jordan-1-low-sesame/,Air Jordan 1 Low Sesame,"₹17,999.00","4.5,5.5",N/A,"Jordans,Sneakers",Brand new in store ready to ship,https://www.copunderdog.com/wp-content/uploads/2022/02/44.png
https://www.copunderdog.com/shop/sneakers/jordans/air-jordan-3-x-fragment/,Fragment x Air Jordan 3 Retro,"₹39,999.00",11.5,N/A,"Jordans,Sneakers",,https://www.copunderdog.com/wp-content/uploads/2020/11/5-1.png
https://www.copunderdog.com/shop/sneakers/jordans/nike-air-jordan-1-retro-high-og-starfish/,Nike Air Jordan 1 Retro High OG Starfish,"₹21,999.00","6,7",N/A,"Bae Section,Jordans,Jordans,SALE-2022,Sneakers",,https://www.copunderdog.com/wp-content/uploads/2022/09/ozSGGyvaaYrc1NDu1Kozqs3kL8GtCzByVy87vkkr.png
https://www.copunderdog.com/shop/sneakers/jordans/air-jordan-4-retro-midnight-navy/,Air Jordan 4 Retro ‘Midnight Navy’,"₹24,499.00","7,8,9,10,11",N/A,"Jordans,Jordans,SALE-2022,Sneakers",,https://www.copunderdog.com/wp-content/uploads/2022/10/5c7f9789-60c1-4ba1-a484-cf024abb0a98.webp
https://www.copunderdog.com/shop/sneakers/nike/nike-air-force-1-triple-white/,Nike Air Force 1 ‘Triple White’,"₹11,000.00","6,8,9,10,11",N/A,"Bae Section,Nike,Nike,Nike | Sneakers,Sneakers",,https://www.copunderdog.com/wp-content/uploads/2022/10/Nike_Air_Force_1_07_Triple_White_5.png
https://www.copunderdog.com/shop/sneakers/mystery-box-25000/,Mystery Box – 25000/-,"₹25,000.00",,,"SALE-2022,Sneakers","Mystery Box will contain items worth much more than what you pay for.,You will get an option to choose sizing once the order is placed , our team will reach out to you regarding the same.,No Refunds or Returns will be entertained for the same product., , ",https://www.copunderdog.com/wp-content/uploads/2022/12/WhatsApp-Image-2022-12-22-at-8.59.25-PM-2.jpeg
https://www.copunderdog.com/shop/sneakers/jordans/nike-air-jordan-1-low-golf-triple-white/,Nike Air Jordan 1 Low Golf Triple White,"₹15,999.00",10,N/A,"Jordans,Jordans,Sneakers",,https://www.copunderdog.com/wp-content/uploads/2022/09/nike-air-jordan-1-golf-shoes-dior-2021-03m_1_1.webp
https://www.copunderdog.com/shop/sneakers/nike/nike-air-force-1-white-white-cobalt-tint/,Nike Air Force 1 White/White-Cobalt Tint,"₹17,999.00","7,10",N/A,"Nike,Nike,Sneakers",,https://www.copunderdog.com/wp-content/uploads/2022/12/243826.webp
https://www.copunderdog.com/shop/sneakers/jordans/air-jordan-1-high-og-co-jp-tokyo/,Nike Air Jordan 1 HighCO.JP Tokyo,"₹27,000.00","5.5,6,9",N/A,"Bae Section,Jordans,Sneakers",,https://www.copunderdog.com/wp-content/uploads/2020/10/air-jordan-1-retro-high-og-cojp-tokyo-release-date.jpg
https://www.copunderdog.com/shop/sneakers/jordans/air-jordan-1-low-aluminium-football-grey/,Air Jordan 1 Low Aluminium Football Grey,"₹19,999.00",6,N/A,"Jordans,Sneakers",,https://www.copunderdog.com/wp-content/uploads/2022/08/Artboard1copy3_3_af48b29a-b352-4fa2-b4d1-7a863d78dfd9_800x.webp
https://www.copunderdog.com/shop/sneakers/yeezy/adidas-yeezy-slide-flax/,Adidas Yeezy Slide ‘Flax’,"₹19,999.00",7,N/A,"Adidas,Sneakers,Yeezy","IN STORE,READY TO SHIP",https://www.copunderdog.com/wp-content/uploads/2022/08/slideflax2_1024x-1.webp
https://www.copunderdog.com/shop/sneakers/nike/nike-adapt-bb-2-0/,Nike Adapt BB 2.0 – Astronomy Blue,"₹39,999.00",10,N/A,"Nike,SALE-2022,Sneakers","BRAND NEW,IN-STORE READY TO SHIP",https://www.copunderdog.com/wp-content/uploads/2022/12/3a17cab8-f220-4247-b522-b8464bab472c.webp
https://www.copunderdog.com/shop/sneakers/adidas/adidas-pharrell-williams-solar-hu-glide/,Adidas Pharrell Williams Solar Hu Glide,"₹9,999.00","6,7",N/A,"Adidas,Sneakers",,https://www.copunderdog.com/wp-content/uploads/2021/03/Adobe_Post_20210319_1658310.15232448566452184.png
https://www.copunderdog.com/shop/sneakers/yeezy/yeezy-boost-350-v2-slate-core-black-slate/,YEEZY BOOST 350 V2 SLATE / CORE BLACK / SLATE,"₹30,999.00","6,6.5,7.5,9,11",N/A,"Adidas,Adidas | Yeezy,Sneakers,Sneakers | Yeezy,Yeezy",,https://www.copunderdog.com/wp-content/uploads/2022/09/HP7870_01_standard1_hover.jpeg
https://www.copunderdog.com/shop/sneakers/yeezy/adidas-yeezy-slide-resin/,Adidas Yeezy Slide Resin,"₹17,999.00","4,5,7,10",N/A,"Sneakers,Yeezy","BRAND NEW,IN STORE READY TO SHIP",https://www.copunderdog.com/wp-content/uploads/2021/04/14.jpg
https://www.copunderdog.com/shop/sneakers/jordans/nike-air-jordan-1-high-og-taxi/,Nike Air Jordan 1 High OG “Taxi”,"₹17,999.00","3.5,8,8.5,9,10,11,12",N/A,"Jordans,Jordans,Sneakers",,https://www.copunderdog.com/wp-content/uploads/2022/08/taxihigh1_1000x.png
https://www.copunderdog.com/shop/sneakers/yeezy/yeezy-boost-350-v2-mx-rock/,Yeezy Boost 350 V2 MX Rock,"₹36,000.00",8,N/A,"Adidas,Adidas | Sneakers,Adidas | Yeezy,Sneakers,Yeezy","IN STORE BRAN NEW,READY TO SHIP",https://www.copunderdog.com/wp-content/uploads/2022/10/WhatsApp-Image-2022-11-03-at-6.11.32-PM.jpeg
https://www.copunderdog.com/shop/sneakers/yeezy/adidas-yeezy-350-boost-carbon/,Adidas Yeezy 350 Boost Carbon,"₹26,000.00","7,7.5,8,8.5,10",N/A,"Adidas,Adidas | Yeezy,Sneakers,Yeezy",,https://www.copunderdog.com/wp-content/uploads/2022/08/ADIDASYEEZYBOOST350V2CARBON_a89f4489-87e1-4c34-bc26-0fb2214f1d86_1000x.jpg
https://www.copunderdog.com/shop/sneakers/drew-house-mascott-white-tee/,Drew House Mascott White Tee,"₹12,999.00",S,N/A,Sneakers,,https://www.copunderdog.com/wp-content/uploads/2022/10/images_-_2021-06-12T163635.021_1200x1200.jpg
https://www.copunderdog.com/shop/sneakers/nike/nike-x-sacai-vaporwaffle-tour-yellow-green-brazil/,Nike x Sacai Vaporwaffle Tour Yellow Green Brazil,"₹39,999.00",11,N/A,"Nike,Nike,SALE-2022,Sneakers","IN STORE,READY TO SHIP",https://www.copunderdog.com/wp-content/uploads/2022/09/brazil.jpg
https://www.copunderdog.com/shop/sneakers/others/converse-sponge-cx-crater/,Converse Sponge CX Crater,"₹17,999.00",9,N/A,"Others,Sneakers","BRAND NEW,IN-STORE READY TO SHIP",https://www.copunderdog.com/wp-content/uploads/2022/11/https___hypebeast.com_image_2022_06_a-cold-wall-converse-sponge-crater-release-date-0.jpg
https://www.copunderdog.com/shop/sneakers/jordans/air-jordan-5-retro-dj-khaled-we-the-best-crimson-bliss/,Air Jordan 5 Retro DJ Khaled We The Best Crimson Bliss,"₹23,999.00",8,N/A,"Jordans,Jordans | Sneakers,Sneakers","BRAND NEW,IN STORE READY TO SHIP",https://www.copunderdog.com/wp-content/uploads/2022/12/852c5323-cf29-435d-919d-2936c4bce051.webp
https://www.copunderdog.com/shop/sneakers/jordans/air-jordan-1-low-diamond-white-black/,Nike Air Jordan 1 Low Diamond White/Black,"₹21,999.00",9,N/A,"Jordans,Sneakers","BRAND NEW,IN STORE READY TO SHIP",https://www.copunderdog.com/wp-content/uploads/2022/02/air-jordan-1-low-se-black-and-white-dh6931-001-release-date.jpg
https://www.copunderdog.com/shop/sneakers/others/converse-acw-sponge-crater/,Converse Acw sponge crater,"₹15,000.00",9,N/A,"Others,Sneakers","BRAND NEW,IN-STORE READY TO SHIP",https://www.copunderdog.com/wp-content/uploads/2022/11/71a7f7011c7eb5ec851371d7c50fc6cd25ac37cc_A01240C_Converse_Sponge_Crater_Slip_Black_Goldtone_Treeline_os_1_1200x1200.webp
https://www.copunderdog.com/shop/sneakers/others/converse-aeon-active-cx/,Converse Aeon Active CX,"₹21,000.00",8.5,N/A,"Others,Sneakers","BRAND NEW,IN-STORE READY TO SHIP",https://www.copunderdog.com/wp-content/uploads/2022/11/ecom_0005_May25_2022-ACW_xConverseAeonActiveCX-01.webp
https://www.copunderdog.com/shop/sneakers/jordans/air-jordan-4-black-canvas/,Air Jordan 4 Retro Black Canvas,"₹28,999.00","6,7,8,9,10,11",N/A,"Jordans,SALE-2022,Sneakers","BRAND NEW,IN STORE READY TO SHIP",https://www.copunderdog.com/wp-content/uploads/2022/10/Untitled_Artwork_8dbe3bdc-2441-4a66-b42f-3543f382ddbb_800x.webp
https://www.copunderdog.com/shop/sneakers/nike/nike-dunk-low-peach-cream/,Nike Dunk Low Peach Cream,"₹15,999.00",5,N/A,"Bae Section,Nike,Nike,Nike | Sneakers,SALE-2022,Sneakers","IN STORE,READY TO SHIP",https://www.copunderdog.com/wp-content/uploads/2022/09/WhatsApp-Image-2022-11-03-at-6.12.29-PM.jpeg
https://www.copunderdog.com/shop/sneakers/nike/nike-dunk-high-vintage-panda/,Nike Dunk High Vintage Panda,"₹19,999.00",9,N/A,"Nike,Nike,Sneakers","IN STORE,READY TO SHIP, ",https://www.copunderdog.com/wp-content/uploads/2022/09/Artboard1copy3_1_9_800x.webp
https://www.copunderdog.com/shop/sneakers/jordans/nike-air-jordan-3-retro-cardinal-red/,Nike Air Jordan 3 Retro ‘Cardinal Red’,"₹19,999.00",8.5,N/A,"Jordans,Jordans,Jordans | Sneakers,Sneakers",,https://www.copunderdog.com/wp-content/uploads/2022/10/aj3cardinalred2new_800x.webp
https://www.copunderdog.com/shop/sneakers/nike/nike-dunk-low-light-iron-ore/,Nike Dunk Low “Light Iron Ore”,"₹15,999.00",6,N/A,"Nike,Nike,Nike | Sneakers,Sneakers","BRAND NEW,IN-STORE READY TO SHIP",https://www.copunderdog.com/wp-content/uploads/2022/12/images-2.jpeg
https://www.copunderdog.com/shop/sneakers/nike/nike-dunk-low-panda-black-white/,Nike Dunk Low ‘Panda’ Black/White,"₹18,999.00","5,6,7,8,11",N/A,"Bae Section,Nike,Nike,SALE-2022,Sneakers","BRAND NEW,IN STORE READY TO SHIP",https://www.copunderdog.com/wp-content/uploads/2022/09/image_f8893d6f-ba3b-4465-b676-15f081f1d724_800x.webp
https://www.copunderdog.com/shop/sneakers/jordans/nike-air-jordan-1-zoom-comfort-fossil-stone/,Nike Air Jordan 1 Zoom Comfort “Fossil Stone”,"₹18,999.00",9,N/A,"Jordans,Jordans,Jordans | Sneakers,Sneakers",,https://www.copunderdog.com/wp-content/uploads/2022/10/CT0978-201_sivasdescalzo-Jordan-AIR_JORDAN_1_ZOOM_AIR_CMFT-1653941657-1-1-1.webp
https://www.copunderdog.com/shop/sneakers/nike/nike-dunk-high-university-blue/,Nike Dunk High University Blue,"₹16,000.00",6,N/A,"Nike,Nike,Nike | Sneakers,Sneakers",,https://www.copunderdog.com/wp-content/uploads/2022/08/uncdunkhigh_1200x.webp
https://www.copunderdog.com/shop/sneakers/jordans/nike-air-jordan-1-retro-high-og-prototype/,Nike Air Jordan 1 Retro High OG ‘Prototype’,"₹27,500.00","9.5,11",N/A,"Jordans,Jordans,SALE-2022,Sneakers","IN STORE,READY TO SHIP",https://www.copunderdog.com/wp-content/uploads/2022/09/prototype.webp
https://www.copunderdog.com/shop/sneakers/jordans/nike-air-jordan-1-retro-high-og-court-purple-2-0/,Nike Air Jordan 1 Retro High OG ‘Court Purple 2.0’,"₹33,999.00","6,9",N/A,"Bae Section,Jordans,Jordans,Sneakers",IN STORE READY TO SHIP,https://www.copunderdog.com/wp-content/uploads/2022/09/image_edc93d34-7d18-430e-b45d-a7e0ad91711b_800x.webp
https://www.copunderdog.com/shop/sneakers/jordans/nike-air-jordan-1-low-se-tie-dye/,Nike Air Jordan 1 Low SE ‘Tie Dye’,"₹20,000.00",6,N/A,"Jordans,Jordans,Sneakers","IN STORE,READY TO SHIP",https://www.copunderdog.com/wp-content/uploads/2022/09/aj1lowtyedye2_800x.webp
https://www.copunderdog.com/shop/sneakers/jordans/air-jordan-4-thunder/,Nike Air Jordan 4 Retro Thunder Red,"₹23,999.00","8,9,12",N/A,"Jordans,SALE-2022,Sneakers","Brand New,Ready To Ship",https://www.copunderdog.com/wp-content/uploads/2022/01/COP-UNDERDOG.png
https://www.copunderdog.com/shop/sneakers/jordans/nike-air-jordan-1-retro-high-og-fearless/,Nike Air Jordan 1 Retro High OG ‘Fearless’,"₹45,000.00",9.5,N/A,"Jordans,Jordans,SALE-2022,Sneakers","BRAND NEW,IN STORE READY TO SHIP",https://www.copunderdog.com/wp-content/uploads/2022/09/Jordan1RetroHighFearlessUNCChicago_b8af2a24-9f56-4cb5-87c0-42776565a527_800x.webp
https://www.copunderdog.com/shop/sneakers/jordans/air-jordan-1-mid-se-barcelona-sweater/,Air Jordan 1 Mid SE Barcelona Sweater,"₹19,999.00",9,N/A,"Jordans,Jordans,SALE-2022,Sneakers",,https://www.copunderdog.com/wp-content/uploads/2022/06/air-jordan-1-mid-barcelona-sweater-red-patent-gs-dc7248-600_1_384x384.png
https://www.copunderdog.com/shop/sneakers/paris-saint-germain-x-nike-psg-full-sleeve/,Paris Saint Germain x Nike PSG Full sleeve,"₹4,999.00",L,N/A,Sneakers,BRAND NEW IN STORE READY TO SHIP,https://www.copunderdog.com/wp-content/uploads/2021/10/images-19.jpeg
https://www.copunderdog.com/shop/sneakers/jordans/jordan-1-retro-high-og-ps-chicago-lost-and-found-kids/,Jordan 1 Retro High OG PS Chicago Lost and Found Kids,"₹10,999.00","2.5,12.5",N/A,"Jordans,Jordans,Jordans | Sneakers,Sneakers","BRAND NEW,IN-STORE READY TO SHIP",https://www.copunderdog.com/wp-content/uploads/2022/12/images-1.jpeg
https://www.copunderdog.com/shop/sneakers/jordans/nike-air-jordan-1-low-vintage-stealth/,Nike Air Jordan 1 Low Vintage ‘Stealth’,"₹18,999.00","6.5,7.5,8.5,10",N/A,"Jordans,Jordans,SALE-2022,Sneakers","IN STORE,READY TO SHIP",https://www.copunderdog.com/wp-content/uploads/2022/09/lowvintagegrey2_800x.webp
https://www.copunderdog.com/shop/streetwear/others-streetwear/crep-protect-can/,Crep Protect Can,"₹2,000.00",,,"Others,Others",,https://www.copunderdog.com/wp-content/uploads/2022/08/Crep_Protect_200ml_Shoe_Protection_Spray-multi-1.jpeg
https://www.copunderdog.com/shop/sneakers/jordans/air-jordan-1-low-bred-toe/,Nike Air Jordan 1 Low Bred Toe,"₹17,999.00","6,7,9,9.5,10",N/A,"Jordans,SALE-2022,Sneakers",,https://www.copunderdog.com/wp-content/uploads/2022/01/Nike-Flyknit-Air-Max-Mens-Running-Shoe-553558_612_A_PREM.jpg.png
https://www.copunderdog.com/shop/sneakers/omega-x-swatch-bioceramic-moonswatch-mission-to-mars/,Omega X Swatch Moonswatch ‘Mission To Mars’,"₹30,999.00",one size,N/A,Sneakers,,https://www.copunderdog.com/wp-content/uploads/2022/12/61-2.webp
https://www.copunderdog.com/shop/sneakers/nike/nike-sb-dunk-low-habibi/,Nike SB Dunk Low Habibi,"₹115,000.00",10,N/A,"Nike,Sneakers",,https://www.copunderdog.com/wp-content/uploads/2022/10/WhatsApp-Image-2022-11-03-at-6.11.28-PM.jpeg
https://www.copunderdog.com/shop/sneakers/yeezy/yeezy-boost-350-v2-core-red-black-adidas/,Yeezy Boost 350 V2 Core Red Black – Adidas,"₹34,999.00","10,11,12",N/A,"Adidas | Yeezy,SALE-2022,Sneakers,Yeezy","BRAND NEW,
DELIVERY IN 12-15 DAYS",https://www.copunderdog.com/wp-content/uploads/2022/09/coreblack2_600x600_crop_center.png
https://www.copunderdog.com/shop/sneakers/nike/nike-sb-dunk-low-strange-love/,Nike Sb Dunk Low  Strange Love,"₹120,000.00",9.5,N/A,"Nike,Sneakers",,https://www.copunderdog.com/wp-content/uploads/2022/10/sb-dunk-low-strangelove-release-date-1.jpg
https://www.copunderdog.com/shop/sneakers/nike/nike-x-sacai-blazer-low/,Nike x sacai Blazer Low,"₹16,999.00",9,N/A,"Nike,Sneakers","BRAND NEW IN-STORE,READY TO SHIP",https://www.copunderdog.com/wp-content/uploads/2022/12/92a7327d-d589-46d0-967c-ab908f444bfd-1.webp
https://www.copunderdog.com/shop/sneakers/nike/sb-dunk-low-mummy/,Nike SB Dunk Low Mummy,"₹44,999.00",8,N/A,"Nike,SALE-2022,Sneakers",,https://www.copunderdog.com/wp-content/uploads/2022/05/sb-dunk-low-mummy-dm0774-111-release-date.jpg
https://www.copunderdog.com/shop/sneakers/nike/nike-ld-waffle-sacai-undercover-night-maroon/,Nike LD Waffle Sacai Undercover Night Maroon,"₹22,999.00",7.5,N/A,"Nike,Nike,SALE-2022,Sneakers","IN STORE,READY TO SHIP",https://www.copunderdog.com/wp-content/uploads/2022/09/1_946a1ef2-ff93-4e45-b8a5-c21dcabd66f3.webp
https://www.copunderdog.com/shop/sneakers/nike/nike-dunk-low-qs-lebron-james-fruity-pebbles/,Nike Dunk Low QS LeBron James Fruity Pebbles,"₹18,999.00",7.5,N/A,"Nike,Nike,Sneakers","BRAND NEW,IN-STORE READY TO SHIP",https://www.copunderdog.com/wp-content/uploads/2022/12/9b60939dbe1dd5d252b1c0db4a321335e4bfdefe_DH8009_600_Nike_x_LeBron_James_Dunk_Low_QS_Fruity_Pebbles_Habanero_Red_Laser_Blue_White_os_1_78927265-d19e-4bf4-b777-a4a3513ed74f_768x768.webp
https://www.copunderdog.com/shop/sneakers/jordans/maison-chateau-rouge-x-nike-air-jordan-2-united-youth-international/,Maison Chateau Rouge x Nike Air Jordan 2 “United Youth International”,"₹29,999.00",9,N/A,"Jordans,Jordans,Sneakers",,https://www.copunderdog.com/wp-content/uploads/2022/11/air-jordan-2-maison-chateau-rouge-do5254-180-dead-stock-titel-bild-1.jpeg
https://www.copunderdog.com/shop/sneakers/nike/nike-dunk-low-spartan-green-michigan-state/,Nike Dunk Low Spartan Green – Michigan State,"₹39,999.00",6,N/A,"Nike,Nike,SALE-2022,Sneakers",,https://www.copunderdog.com/wp-content/uploads/2022/10/dunk-low-varsity-green-release-date-2.jpg
https://www.copunderdog.com/shop/sneakers/nike/nike-dunk-low-scrap-light-lemon-twist/,Nike Dunk Low Scrap ‘Light  Lemon Twist’,"₹17,999.00",8.5,N/A,"Nike,Sneakers","BRAND NEW,IN-STORE READY TO SHIP",https://www.copunderdog.com/wp-content/uploads/2022/11/218f7cdf-46bc-42ef-995e-42b55f986791-1.webp
https://www.copunderdog.com/shop/sneakers/jordans/air-jordan-1-low-artic-pink/,Air Jordan 1 Low Pink Gum,"₹6,999.00","5,5.5",N/A,"Jordans,SALE-2022,Sneakers",Brand new in store ready to ship,https://www.copunderdog.com/wp-content/uploads/2022/02/45.png
https://www.copunderdog.com/shop/sneakers/jordans/air-jordan-1-high-og-patent-bred/,Nike Air Jordan 1 High OG ” Patent Bred “,"₹32,999.00","5.5,8,8.5,9,10,11",N/A,"Jordans,Sneakers","BRAND NEW,IN STORE READY TO SHIP",https://www.copunderdog.com/wp-content/uploads/2021/12/air-jordan-1-patent-bred-555088-063-release-date.jpg
https://www.copunderdog.com/shop/sneakers/nike/nike-dunk-low-fossil-rose/,Nike Dunk Low Fossil Rose,"₹21,000.00",9,N/A,"Nike,Nike,SALE-2022,Sneakers",,https://www.copunderdog.com/wp-content/uploads/2022/09/43_800x.webp
https://www.copunderdog.com/shop/sneakers/nike/nike-x-off-white-blazer-low-white-university-red/,Nike x Off-White Blazer Low White University Red,"₹32,999.00",6,N/A,"Nike,Nike,Sneakers","IN STORE,READY TO SHIP",https://www.copunderdog.com/wp-content/uploads/2022/08/nike-off-white-blazer-low-2-scaled.webp
https://www.copunderdog.com/shop/sneakers/yeezy/adidas-yeezy-700-mnvn-bright-cyan/,Adidas Yeezy 700 MNVN Bright Cyan,"₹22,000.00",12.5,N/A,"Adidas,Yeezy","BRAND NEW,IN STORE READY TO SHIP",https://www.copunderdog.com/wp-content/uploads/2021/06/17.png
https://www.copunderdog.com/shop/sneakers/yeezy/adidas-yeezy-slide-green-glow/,Adidas Yeezy Slide Green Glow,"₹19,999.00","10,11",N/A,"Adidas,Slider,Yeezy",,https://www.copunderdog.com/wp-content/uploads/2021/09/yeezy-glow.jpg
https://www.copunderdog.com/shop/sneakers/yeezy/yeezy-slide-ochre/,Yeezy Slide ‘Ochre’,"₹19,999.00",8,N/A,"Adidas,Yeezy",,https://www.copunderdog.com/wp-content/uploads/2022/12/YZYOCHRE-1.jpeg
https://www.copunderdog.com/shop/sneakers/jordans/air-jordan-1-low-university-powder-blue/,Air jordan 1 Low University Powder Blue,"₹16,999.00","5,6,6.5,8,10,11",N/A,"Jordans,Jordans,Jordans | Sneakers,SALE-2022,Sneakers",,https://www.copunderdog.com/wp-content/uploads/2022/08/shopping-1.webp
https://www.copunderdog.com/shop/sneakers/nike/sb-dunk-low-panda-pigeon/,SB Dunk Low Panda Pigeon,"₹140,000.00",10.5,N/A,"Nike,Nike,Sneakers",,https://www.copunderdog.com/wp-content/uploads/2022/10/WhatsApp-Image-2022-11-03-at-6.11.22-PM-1.jpeg
https://www.copunderdog.com/shop/sneakers/jordans/air-jordan-1-low-siren-red/,Air Jordan 1 Low Siren Red,"₹15,999.00",9,N/A,"Jordans,Sneakers",,https://www.copunderdog.com/wp-content/uploads/2021/08/siren.jpg
https://www.copunderdog.com/shop/sneakers/jordans/air-jordan-1-low-university-gold/,Air Jordan 1 Low University Gold,"₹12,999.00",10,N/A,"Jordans,Jordans,Jordans | Sneakers,Sneakers",CONDITION: Pre-Owned.,https://www.copunderdog.com/wp-content/uploads/2022/06/Nike-Flyknit-Air-Max-Mens-Running-Shoe-553558_700_A_PREM.jpg.png
https://www.copunderdog.com/shop/sneakers/jordans/air-jordan-1-low-pollen/,Air Jordan 1 Low ‘Pollen’,"₹17,999.00",9,N/A,"Jordans,Jordans,SALE-2022,Sneakers",,https://www.copunderdog.com/wp-content/uploads/2022/06/air-jordan-1-low-white-and-pollen-553558-171-release-date.jpg
https://www.copunderdog.com/shop/streetwear/others-streetwear/thrasher-skate-and-destroy-t-shirt-black/,Thrasher Skate and Destroy Black Tee,"₹3,999.00",M,N/A,"Others,Streetwear",In store ready to ship,https://www.copunderdog.com/wp-content/uploads/2021/03/thrasher-skate-and-destroy-t-shirt-black_4.1506727861.jpg
https://www.copunderdog.com/shop/streetwear/others-streetwear/champion-grey-logo-tee/,Champion Logo Grey Tee,"₹4,500.00",XL,N/A,"Others,Streetwear",In store ready to ship,https://www.copunderdog.com/wp-content/uploads/2021/03/images-17.jpeg
https://www.copunderdog.com/shop/sneakers/jordans/air-jordan-1-high-visionaire/,Air Jordan 1 High Visionaire,"₹22,999.00",8,N/A,"Jordans,SALE-2022,Sneakers",,https://www.copunderdog.com/wp-content/uploads/2022/07/neon2_1400x.png
https://www.copunderdog.com/shop/sneakers/jordans/air-jordan-1-low-game-royal/,Air Jordan 1 Low ‘Game Royal’,"₹13,999.00",5,N/A,"Jordans,Jordans,Jordans | Sneakers,Sneakers",,https://www.copunderdog.com/wp-content/uploads/2022/04/women-s-air-jordan-1-low-game-royal-dc0774-400-release-date.jpg
https://www.copunderdog.com/shop/sneakers/jordans/air-joradan-1-mid-racer-blue/,Air Joradan 1 Mid Racer Blue,"₹22,000.00",11,N/A,"Jordans,Sneakers",,https://www.copunderdog.com/wp-content/uploads/2021/06/royal-blue.jpg
https://www.copunderdog.com/shop/streetwear/others-streetwear/new-york-yankees-top-hat-logo/,New York Yankees Top Hat logo Blue Tee,"₹3,999.00",L,N/A,"Others,Streetwear",In store ready to ship,https://www.copunderdog.com/wp-content/uploads/2021/03/images-14.jpeg
https://www.copunderdog.com/shop/sneakers/yeezy/adidas-yeezy-slide-onyx/,Adidas Yeezy Slide Onyx,"₹19,999.00","5,6,7,8",N/A,"Adidas | Yeezy,Slider,Sneakers,Yeezy",,https://www.copunderdog.com/wp-content/uploads/2022/05/HQ6448_LSCL_eCom-1.jpg
https://www.copunderdog.com/shop/sneakers/yeezy/adidas-yeezy-boost-350-v2-yeezreel/,Adidas Yeezy Boost 350 V2 Yeezreel,"₹38,999.00",8.5,N/A,"Sneakers,Yeezy",,https://www.copunderdog.com/wp-content/uploads/2021/11/images-34.jpeg
https://www.copunderdog.com/shop/sneakers/yeezy/adidas-yeezy-slide-pure/,Adidas Yeezy Slide Pure,"₹19,999.00",8,N/A,"Adidas,Slider,Yeezy",,https://www.copunderdog.com/wp-content/uploads/2022/05/GW1934_01_standard1_hover.jpg
https://www.copunderdog.com/shop/sneakers/yeezy/yeezy-350-v2-mx-oat/,Adidas Yeezy Boost 350 V2 MX Oat,"₹32,999.00",8.5,N/A,"Bae Section,Sneakers,Yeezy","BRAND NEW,IN STORE READY TO SHIP",https://www.copunderdog.com/wp-content/uploads/2021/10/Adobe_Post_20211025_1815350.042608156369256744.png
https://www.copunderdog.com/shop/streetwear/supreme/nike-x-supreme-sb-dunk-low-blue-stars/,Nike X Supreme SB Dunk Low “Blue Stars”,"₹69,999.00",8,N/A,"Nike,Nike,SALE-2022,Sneakers,Supreme,Supreme",,https://www.copunderdog.com/wp-content/uploads/2022/10/WhatsApp-Image-2022-11-04-at-3.28.06-PM-1.jpeg
https://www.copunderdog.com/shop/sneakers/adidas/adidas-pharrell-williams-human-race-nmd-black/,Adidas Pharrell Williams Human Race Nmd Black,"₹50,000.00",8,N/A,"Adidas,Sneakers",,https://www.copunderdog.com/wp-content/uploads/2021/07/nmd-black.jpg
https://www.copunderdog.com/shop/sneakers/adidas/adidas-originals-falcon-gold/,Adidas Originals Falcon Gold,"₹4,999.00",6,N/A,"Adidas,Sneakers","Vnds,No Box",https://www.copunderdog.com/wp-content/uploads/2021/02/Adobe_Post_20210204_1757370.38011740702423125.png
https://www.copunderdog.com/shop/sneakers/jordans/air-jordan-1-low-shadow-toe/,Air Jordan 1 Low Shadow Toe / Grey Toe,"₹21,999.00","7,9,10",N/A,"Bae Section,Jordans,Jordans,Jordans | Sneakers,Sneakers",,https://www.copunderdog.com/wp-content/uploads/2022/06/Air_Jordan_1_Low_Shadow_Toe_1800x1800.png
https://www.copunderdog.com/shop/streetwear/supreme/supreme-paisley-jacket/,Supreme Quilted Paisley Black Jacket,"₹29,999.00",M,N/A,"Streetwear,Supreme",Brand new in store ready to ship,https://www.copunderdog.com/wp-content/uploads/2021/02/Adobe_Post_20210226_1723470.10692444607395601.png
https://www.copunderdog.com/shop/streetwear/cactus-jack/cactus-jack-gamer-tshirt-black/,Cactus Jack Gamer Black Tee,"₹8,999.00","S,M,L",N/A,"Cactus Jack,Streetwear","brand new,in store ready to ship",https://www.copunderdog.com/wp-content/uploads/2020/12/My-Post-10.png
https://www.copunderdog.com/shop/streetwear/others-streetwear/nasa-long-sleeve-t-shirt-l/,Nasa Long Sleeve Red Tee,"₹4,999.00",S,N/A,"Others,Streetwear",In store ready to ship,https://www.copunderdog.com/wp-content/uploads/2021/03/m_5e77e40622bd7c91bf70f506.jpg
https://www.copunderdog.com/shop/streetwear/anti-social-social-club/anti-social-social-club/,Anti Social Social Club Baby Blue Tee,"₹7,999.00",S,N/A,"Anti Social Social Club,Anti Social Social Club,SALE-2022,Streetwear","IN STORE,READY TO SHIP",https://www.copunderdog.com/wp-content/uploads/2022/08/ASSC_Spring19_093_1024x1024_705c8ce9-5f30-49ff-90b9-0d78b17ce445_1024x1024.jpeg
https://www.copunderdog.com/shop/streetwear/others-streetwear/migos-dancer-west/,Migos Dancer Black Vest,"₹13,999.00",M,N/A,"Others,Streetwear",In store ready to ship,https://www.copunderdog.com/wp-content/uploads/2021/03/02011801-YB001_normal_04.jpg
https://www.copunderdog.com/shop/streetwear/drewhouse/drew-house-mascott-ink-blue-hoodie/,Drew House Mascott Ink Blue Hoodie,"₹28,999.00",S,N/A,"Drewhouse,SALE-2022,Streetwear",,https://www.copunderdog.com/wp-content/uploads/2022/10/org.jpg
https://www.copunderdog.com/shop/streetwear/fear-of-god-essentials/fear-of-god-essentials-hoodie-pistachio/,Fear Of God Essentials Hoodie ‘Pistachio’ SS21,"₹20,999.00",S,N/A,"Fear Of God Essentials,Fear Of God Essentials | Streetwear,SALE-2022,Streetwear","IN STORE,READY TO SHIP",https://www.copunderdog.com/wp-content/uploads/2022/09/shopping-3.webp
https://www.copunderdog.com/shop/streetwear/vintage/samsung-vintage-90s-jacket/,Samsung Rapido White Jacket,"₹3,500.00",M,N/A,"Streetwear,Vintage","Is this an 80s jacket or a 90s jacket? That’s debatable. Regardless of the decade it came from, this vintage windbreaker is pretty sweet. It really is a vintage one-of-a-kind item, so sizing may vary significantly from what you expect.",https://www.copunderdog.com/wp-content/uploads/2021/03/90s-Jacket-Front-8391.jpg
https://www.copunderdog.com/shop/sneakers/jordans/air-jordan-1-mid-reverse-banned-gym-red-black/,Air Jordan 1 Mid Reverse Banned Gym Red Black,"₹14,000.00",5,N/A,"Jordans,Jordans,Jordans | Sneakers,SALE-2022,Sneakers",,https://www.copunderdog.com/wp-content/uploads/2022/07/air-jordan-1-mid-gs-reverse-bred-554725-660_1_1350x1350.png
https://www.copunderdog.com/shop/streetwear/cactus-jack/cactus-jack-fornite-event-t-shirt-olive/,Cactus Jack Fortnite Event Olive Tee,"₹8,999.00","S,M,L",N/A,"Cactus Jack,Streetwear",Brand new in store ready to ship,https://www.copunderdog.com/wp-content/uploads/2020/12/My-Post-11.png
https://www.copunderdog.com/shop/sneakers/jordans/air-jordan-1-mid-light-orewood-brown/,Air Jordan 1 Mid “Light Orewood Brown”,"₹15,999.00",3,N/A,"Bae Section,Jordans,Jordans,Jordans | Sneakers,Sneakers","IN STORE,READY TO SHIP",https://www.copunderdog.com/wp-content/uploads/2022/07/9392825a2427491b88f921ffa8cc080b.jpg
https://www.copunderdog.com/shop/streetwear/vintage/adidas-vintage-jacket/,Adidas Vintage Black Red jacket,"₹3,500.00",XL,N/A,"Streetwear,Vintage",In store ready to ship,https://www.copunderdog.com/wp-content/uploads/2021/03/images-25.jpeg
https://www.copunderdog.com/shop/sneakers/jordans/air-jordan-1-mid-coconut-milk/,Air Jordan 1 Mid Coconut/Milk,"₹17,999.00",8,N/A,"Jordans,Sneakers","BRAND NEW,IN STORE READY TO SHIP",https://www.copunderdog.com/wp-content/uploads/2022/02/15.png
https://www.copunderdog.com/shop/sneakers/jordans/air-jordan-1-mid-sired-red/,Air Jordan 1 Mid Sired Red,"₹20,000.00",9.5,N/A,Jordans,,https://www.copunderdog.com/wp-content/uploads/2022/02/24.png
https://www.copunderdog.com/shop/sneakers/jordans/air-jordan-1-mid-arctic-orange-2/,Air Jordan 1 Mid Arctic Orange,"₹19,999.00",9.5,N/A,"Jordans,Jordans,Jordans | Sneakers,Sneakers","BRAND NEW,READY TO SHIP",https://www.copunderdog.com/wp-content/uploads/2022/06/203761.jpg.png
https://www.copunderdog.com/shop/streetwear/others-streetwear/adidas-y-3-men-aop-football-shirt-black-parachute-black-aop/,Adidas Y-3 AOP Parachute Black Football Tee,"₹7,500.00",XL,N/A,"Others,Streetwear",In store ready to ship,https://www.copunderdog.com/wp-content/uploads/2021/03/images-24.jpeg
https://www.copunderdog.com/shop/sneakers/jordans/air-jordan-1-high-x-a-ma-maniere-sail-and-burgundy/,Nike Air Jordan 1 High x A Ma Maniére Sail and Burgundy,"₹44,999.00",13,N/A,"Jordans,SALE-2022,Sneakers",BRAND NEW,https://www.copunderdog.com/wp-content/uploads/2022/03/air-jordan-1-x-a-ma-maniere-sail-and-burgundy-do7097-100-release-date.jpg
https://www.copunderdog.com/shop/streetwear/drewhouse/drew-house-mascott-lime/,Drew House Mascott Lime,"₹12,999.00",S,N/A,"Drewhouse,Streetwear",,https://www.copunderdog.com/wp-content/uploads/2022/10/image_705db183-5d35-4868-aabe-b7c62a2ecdb7_600x600_crop_center.jpg
https://www.copunderdog.com/shop/streetwear/others-streetwear/china-town-market-pink-smiley-t-shirt/,Chinatown Market Smiley Pink Tee,"₹4,599.00",M,N/A,"Others,Streetwear",In store ready to ship,https://www.copunderdog.com/wp-content/uploads/2021/03/images-20.jpeg
https://www.copunderdog.com/shop/streetwear/fear-of-god-essentials/fear-of-god-essentials-21-harvest-shorts/,Fear Of God Essentials Pistachio Shorts,"₹14,999.00",M,N/A,"Fear Of God Essentials,Fear Of God Essentials | Streetwear,Streetwear","IN STORE,READY TO SHIP",https://www.copunderdog.com/wp-content/uploads/2022/06/Fear-of-God-Essentials-Sweatshort-Pistachio.webp
https://www.copunderdog.com/shop/streetwear/supreme/supreme-university-ss-desert-t-shirt/,Supreme University Desert Camo Tee,"₹6,999.00",M,N/A,"Streetwear,Supreme",Brand new in store ready to ship,https://www.copunderdog.com/wp-content/uploads/2021/03/Adobe_Post_20210320_2208000.739593864781365.png
https://www.copunderdog.com/shop/streetwear/drewhouse/drew-house-mascott-sky-blue/,Drew House Mascott Sky Blue,"₹12,999.00",S,N/A,"Drewhouse,Streetwear",,https://www.copunderdog.com/wp-content/uploads/2022/10/QxciikUOOB_1024x1024@2x.jpg
https://www.copunderdog.com/shop/streetwear/others-streetwear/thrasher-gonz-t-shirt-blue/,Thrasher Gonz Blue Tee,"₹3,999.00",L,N/A,"Others,Streetwear",In store ready to ship,https://www.copunderdog.com/wp-content/uploads/2021/03/images-12.jpeg
https://www.copunderdog.com/shop/streetwear/fear-of-god-essentials/fear-of-god-essentials-hoodie-amber/,Fear Of God Essentials Hoodie ‘Amber’ SS21,"₹19,999.00","XS,S",N/A,"Fear Of God Essentials,Fear Of God Essentials | Streetwear,SALE-2022,Streetwear",,https://www.copunderdog.com/wp-content/uploads/2022/06/7-1.jpg
https://www.copunderdog.com/shop/accessories/supreme-accessories/supreme-camp-cap-yellow/,Supreme Camp Yellow Cap,"₹9,999.00",,,"Accessories,Supreme",Brand new in store ready to ship,https://www.copunderdog.com/wp-content/uploads/2020/12/Adobe_Post_20201218_1128400.09155519731943063.png
https://www.copunderdog.com/shop/streetwear/cactus-jack/cactus-jack-fornite-event-black-t-shirt/,Cactus Jack Fortnite Event Black Tee,"₹8,999.00","M,L",N/A,"Cactus Jack,Streetwear",Brand new in store ready to ship,https://www.copunderdog.com/wp-content/uploads/2020/12/My-Post-13.png
https://www.copunderdog.com/shop/sneakers/jordans/air-jordan-1-high-marina/,Nike Air Jordan 1 High Marina,"₹19,999.00","5,6,7.5,9.5",N/A,"Jordans,Sneakers",,https://www.copunderdog.com/wp-content/uploads/2022/02/air-jordan-1-dark-marina-blue-555088-404-release-date.jpeg
https://www.copunderdog.com/shop/streetwear/fear-of-god-essentials/fear-of-god-essentials-harvest-sweat-pant/,Fear Of God Essentials Taupe Sweat Pant,"₹17,500.00",XS,N/A,"Fear Of God Essentials,Streetwear",,https://www.copunderdog.com/wp-content/uploads/2021/10/harvest-sweats.jpg
https://www.copunderdog.com/shop/sneakers/air-jordan-1-high-heritage/,Nike Air Jordan 1 High Heritage,"₹19,999.00","5,6",N/A,"Bae Section,Sneakers","BRAND NEW,IN STORE READY TO SHIP",https://www.copunderdog.com/wp-content/uploads/2022/04/air-jordan-1-heritage-555088-161-release-date.jpg
https://www.copunderdog.com/shop/streetwear/cactus-jack/cactus-jack-stargazing-t-shirt-black/,Cactus Jack Stargazing Black Tee,"₹9,999.00","S,M",N/A,"Cactus Jack,Streetwear","brand new,in store ready to ship",https://www.copunderdog.com/wp-content/uploads/2020/12/My-Post-6.png
https://www.copunderdog.com/shop/sneakers/jordans/air-jordan-1-high-brotherhood-university-gold-light-bordeaux/,Nike Air Jordan 1 High Brotherhood – University Gold/Light Bordeaux,"₹18,999.00","5.5,7",N/A,"Jordans,Sneakers","BRAND NEW,IN STORE READY TO SHIP",https://www.copunderdog.com/wp-content/uploads/2022/02/air-jordan-1-university-gold-and-light-bordeaux-555088-706-release-date.jpeg
https://www.copunderdog.com/shop/sneakers/nike/nike-dunk-high-pink-prime/,Nike Dunk High Pink Prime,"₹16,000.00",3,N/A,"Bae Section,Nike,Nike,Sneakers","IN STORE,READY TO SHIP",https://www.copunderdog.com/wp-content/uploads/2022/08/Nike-Dunk-High-Pink-Prime-DD1869-110-1.webp
https://www.copunderdog.com/shop/streetwear/drewhouse/drew-house-mascott-black-tee/,Drew House Mascott Black Tee,"₹12,999.00","XS,S,M",N/A,"Drewhouse,SALE-2022,Streetwear",,https://www.copunderdog.com/wp-content/uploads/2022/10/1c2764de-576a-4864-8980-179f397d7beb_1024x1024_0d5cda2f-98c7-4f5e-abb4-1dcab6396219.jpg
https://www.copunderdog.com/shop/sneakers/jordans/air-jordan-1-mid-smoke-grey-anthracite/,Nike Air Jordan 1 Mid Smoke Grey Anthracite,"₹21,999.00","8,9,11",N/A,"Jordans,Jordans,SALE-2022,Sneakers",,https://www.copunderdog.com/wp-content/uploads/2022/06/air-jordan-1-mid-light-smoke-grey-554724-078_1_1350x1350.png
https://www.copunderdog.com/shop/sneakers/jordans/air-jordan-11-cool-grey/,Nike Air Jordan 11 Cool Grey,"₹25,999.00","8.5,9",N/A,"Jordans,Sneakers",,https://www.copunderdog.com/wp-content/uploads/2022/02/34.png
https://www.copunderdog.com/shop/accessories/eastpak/eastpak-springer-panter/,Eastpak Springer Panter,"₹5,999.00",,,"Accessories,Eastpak",Brand new in store ready to ship,https://www.copunderdog.com/wp-content/uploads/2021/04/ek000074_74z_auth_uc176175.jpg
https://www.copunderdog.com/shop/sneakers/jordans/air-jordan-1-mid-court-purple/,Nike Air Jordan 1 Mid Court Purple,"₹16,999.00",7.5,N/A,"Jordans,Jordans,SALE-2022,Sneakers",,https://www.copunderdog.com/wp-content/uploads/2022/06/air-jordan-1-mid-court-purple-554724-095-release-date.jpg
https://www.copunderdog.com/shop/sneakers/jordans/air-jordan-1-retro-low-og-mystic-navy/,Nike Air Jordan 1 Retro Low OG Mystic Navy,"₹16,999.00","10,12",N/A,"Jordans,Jordans,Jordans | Sneakers,Sneakers",,https://www.copunderdog.com/wp-content/uploads/2022/06/air-jordan-1-low-mystic-navy-cz0790-041-release-date.jpg
https://www.copunderdog.com/shop/sneakers/jordans/air-jordan-1-retro-high-og-stage-haze-bleached-coral/,Nike Air Jordan 1 Retro High OG Stage Haze ‘Bleached Coral’,"₹29,999.00","8,9",N/A,"Jordans,Sneakers",,https://www.copunderdog.com/wp-content/uploads/2022/05/246150.jpg.png
https://www.copunderdog.com/shop/sneakers/jordans/air-jordan-4-infrared/,Nike Air Jordan 4 Infrared,"₹24,000.00","9,11",N/A,"Jordans,Jordans,Jordans | Sneakers,Sneakers",,https://www.copunderdog.com/wp-content/uploads/2022/07/air-jordan-4-infrared-dh6927-061-release-date.jpg
https://www.copunderdog.com/shop/sneakers/jordans/air-jordan-1-mid-armory-navy/,Nike Air Jordan 1 Mid Armory Navy – Dark Teal,"₹19,999.00","9,11",N/A,"Jordans,Sneakers","BRAND NEW,IN STORE READY TO SHIP",https://www.copunderdog.com/wp-content/uploads/2021/10/navy.jpg
https://www.copunderdog.com/shop/sneakers/jordans/jordan-1-retro-high-zoom-court-purple/,Nike Air Jordan 1 Retro High Zoom Court Purple,"₹17,999.00",8.5,N/A,"Jordans,Jordans,Jordans | Sneakers,Sneakers",,https://www.copunderdog.com/wp-content/uploads/2022/07/Air-Jordan-1-Zoom-Court-Purple-CT0978-005-Release-Date-Price-2-1068x726-1.jpg
https://www.copunderdog.com/shop/accessories/air-jordan-fanny-pack/,Air Jordan Fanny pack,"₹9,999.00",one size,N/A,Accessories,,https://www.copunderdog.com/wp-content/uploads/2021/01/Adobe_Post_20210110_2225570.8360458084083147.png
https://www.copunderdog.com/shop/accessories/eastpak/eastpak-springer-scribble-urban/,Eastpak Springer Scribble Urban,"₹5,999.00",,,"Accessories,Eastpak",,https://www.copunderdog.com/wp-content/uploads/2021/04/EK07496X.jpg
https://www.copunderdog.com/shop/accessories/cactus-jack-accessories/catus-jack-brown-back-pack/,Cactus Jack Brown Backpack,"₹19,999.00",,,"Accessories,Cactus Jack",Brand new in store ready to ship,https://www.copunderdog.com/wp-content/uploads/2020/12/2f49ef9aadc9820043430795a44e3891_listingImg_A3BjUv0oTR.jpg
https://www.copunderdog.com/shop/streetwear/supreme/supreme-tape-measure-imperial/,Supreme Tape Measure (Imperial),"₹4,000.00",,,"Accessories,Supreme",IN STORE READY TO SHIP,https://www.copunderdog.com/wp-content/uploads/2021/03/Adobe_Post_20210319_1720220.1878287346273777.png
https://www.copunderdog.com/shop/sneakers/nike/nike-dunk-low-se-sun-club-banana/,Nike Dunk Low SE Sun Club Banana,"₹12,999.00",9,N/A,"Nike,Nike,Nike | Sneakers,SALE-2022,Sneakers",,https://www.copunderdog.com/wp-content/uploads/2022/06/dunk-low-retro-se-shoe-qHRJVq.png
https://www.copunderdog.com/shop/sneakers/nike/nike-dunk-low-university-red/,Nike Dunk Low University Red,"₹17,499.00","8,9",N/A,"Nike,Nike,Nike | Sneakers,SALE-2022,Sneakers",,https://www.copunderdog.com/wp-content/uploads/2022/05/223348.jpg.png
https://www.copunderdog.com/shop/sneakers/jordans/air-jordan-1-low-se-barcelona-cyber-teal/,Nike Air Jordan 1 Low SE Barcelona / Cyber Teal,"₹17,999.00",9,N/A,"Jordans,Sneakers",,https://www.copunderdog.com/wp-content/uploads/2022/02/16.png
https://www.copunderdog.com/shop/sneakers/nike/nike-dunk-low-white-gold-silver/,Nike Dunk Low White Gold Silver,"₹13,999.00",6,N/A,"Nike,Nike,Nike | Sneakers,Sneakers",,https://www.copunderdog.com/wp-content/uploads/2022/07/dunk-low-se-shoes-HfZ2mt.png
https://www.copunderdog.com/shop/sneakers/nike-dunk-low-se-animal/,Nike Dunk Low SE ‘Animal’,"₹12,000.00",9.5,N/A,Sneakers,,https://www.copunderdog.com/wp-content/uploads/2022/06/wKl6fI134pAVF7k5JQNPsi102BMvt6VWQawZHNNP.png
https://www.copunderdog.com/shop/sneakers/nike/nike-dunk-low-prm-cider/,Nike dunk low PRM “Cider”,"₹19,999.00",11,N/A,"Nike,Sneakers",,https://www.copunderdog.com/wp-content/uploads/2022/02/dunk-low-cider-release-date.jpg
https://www.copunderdog.com/shop/streetwear/supreme/supreme-mophie-powerstation-plus-mini/,Supreme Mophie Powerstation Plus Mini Red,"₹7,500.00",,,"Accessories,Supreme","SLIGHTLY USED 8/10,IN STORE READY TO SHIP",https://www.copunderdog.com/wp-content/uploads/2021/03/Adobe_Post_20210319_1707400.6262637519583064.png
https://www.copunderdog.com/shop/sneakers/nike/nike-dunk-low-sb-los-angeles-dodgers/,Nike Dunk Low SB ‘Los Angeles Dodgers’,"₹30,900.00","7,10",N/A,"Nike,Nike,Nike | Sneakers,Sneakers","BRAND NEW,READY TO SHIP",https://www.copunderdog.com/wp-content/uploads/2022/08/SB-Dunk-Low-LA-Dodgers-dead-stock-titel-bild-1.png
https://www.copunderdog.com/shop/accessories/eastpak/east-pack-springer-teasing-red-body-bag/,East Pack Springer Teasing Red Body Bag,"₹5,999.00",,,"Accessories,Eastpak",BRAND NEW IN STORE READY TO SHIP,https://www.copunderdog.com/wp-content/uploads/2021/04/EK07401X.jpg
https://www.copunderdog.com/shop/sneakers/nike/nike-dunk-low-veneer/,Nike Dunk Low Veneer,"₹35,999.00",11,N/A,"Nike,Sneakers","BRAND NEW,IN STORE READY TO SHIP",https://www.copunderdog.com/wp-content/uploads/2022/03/dunk-low-veneer-release-date-3.jpg
https://www.copunderdog.com/shop/sneakers/jordans/nike-dunk-low-court-purple/,Nike Dunk Low Court Purple,"₹19,999.00","7,9,10",N/A,"Jordans,SALE-2022,Sneakers",,https://www.copunderdog.com/wp-content/uploads/2022/02/dunk-low-championship-court-purple-dd1391-104-release-date.jpeg
https://www.copunderdog.com/shop/accessories/supreme-accessories/supreme-bouncy-ball/,Supreme Bouncy Ball,"₹1,999.00",,,"Accessories,Supreme",,https://www.copunderdog.com/wp-content/uploads/2021/03/Adobe_Post_20210318_1430510.7989081641301468.png
https://www.copunderdog.com/shop/sneakers/nike/nike-dunk-low-next-nature-arctic-orange/,Nike Dunk Low Next Nature Arctic Orange,"₹12,000.00",9,N/A,"Nike,Nike,Nike | Sneakers,Sneakers",,https://www.copunderdog.com/wp-content/uploads/2022/06/Nike-Dunk-Low-Sun-Club-Arctic-Orange-DM0583-800-1.jpeg
https://www.copunderdog.com/shop/accessories/eastpak/eastpak-springer-stripe-it-marshmellow/,Eastpak Springer Stripe-it Marshmellow,"₹5,999.00",,,"Accessories,Eastpak",Brand new in store ready to ship,https://www.copunderdog.com/wp-content/uploads/2021/04/EK07432W.jpg
https://www.copunderdog.com/shop/sneakers/nike/nike-dunk-low-harvest-moon-and-sail/,Nike Dunk Low Harvest Moon and Sail,"₹19,999.00","5,6",N/A,"Nike,Sneakers","BRAND NEW,IN STORE READY TO SHIP",https://www.copunderdog.com/wp-content/uploads/2022/03/women-s-dunk-low-sail-and-harvest-moon-dd1503-114-release-date.jpg
https://www.copunderdog.com/shop/streetwear/supreme/supreme-thermos-white/,Supreme Thermos White,"₹10,000.00",,,"Accessories,Supreme","BRAND NEW,IN STORE READY TO SHIP",https://www.copunderdog.com/wp-content/uploads/2021/03/Adobe_Post_20210318_1413460.10254678816602902.png
https://www.copunderdog.com/shop/streetwear/supreme/supreme-masterlock-numeric-lock-red/,Supreme Masterlock Numeric Lock Red,"₹8,000.00",,,"Accessories,Supreme","BRAND NEW,IN STORE READY TO SHIP",https://www.copunderdog.com/wp-content/uploads/2021/03/Adobe_Post_20210320_2123300.27511965721960474.png
https://www.copunderdog.com/shop/accessories/swatch-x-omega-bioceramic-moonswatch-mission-to-pluto/,Swatch x Omega Bioceramic Moonswatch Mission to Pluto,"₹34,999.00",one size,N/A,"Accessories,SALE-2022",,https://www.copunderdog.com/wp-content/uploads/2022/12/download-4.jpeg
https://www.copunderdog.com/shop/streetwear/supreme/supreme-pilot-marker-red/,Supreme Pilot Marker Red,"₹5,000.00",,,"Accessories,Supreme","VNDS,IN STORE READY TO SHIP, , , ",https://www.copunderdog.com/wp-content/uploads/2021/03/Adobe_Post_20210319_1710510.3479487385692309.png
https://www.copunderdog.com/shop/streetwear/supreme/supreme-lantern-red/,Supreme Lantern Red,"₹20,000.00",,,"Accessories,Supreme","BRAND NEW,IN STORE READY TO SHIP",https://www.copunderdog.com/wp-content/uploads/2021/03/Adobe_Post_20210319_1701570.3737535496138622.png
https://www.copunderdog.com/shop/accessories/drew-house-deconstructed-mascot-hoodie-dusty-rose/,Drew House Deconstructed Mascot  Hoodie Dusty Rose,"₹24,999.00","XS,S",N/A,"Accessories,Drewhouse | Streetwear,SALE-2022",,https://www.copunderdog.com/wp-content/uploads/2022/12/23a-4.jpeg
https://www.copunderdog.com/shop/streetwear/supreme/supreme-silent-thunder-skate-deck-blue/,Supreme Silent Thunder Skate Deck Blue,"₹15,999.00",,,"Accessories,Supreme","BRAND NEW,IN STORE READY TO SHIP, , ",https://www.copunderdog.com/wp-content/uploads/2021/03/Adobe_Post_20210319_1745340.17608178867386903.png
https://www.copunderdog.com/shop/accessories/eastpak/eastpak-springer-bag-crafty-moss/,Eastpak Springer Bag Crafty Moss,"₹5,999.00",,,"Accessories,Eastpak",Brand new in store ready to ship,https://www.copunderdog.com/wp-content/uploads/2021/04/eastpak-springer-bag-crafty-moss.jpg
https://www.copunderdog.com/shop/sneakers/nike-dunk-low-archeo-pink/,Nike Dunk Low Archeo Pink,"₹19,999.00",6,N/A,"Bae Section,SALE-2022,Sneakers","IN STORE,READY TO SHIP",https://www.copunderdog.com/wp-content/uploads/2021/10/arch-pink.jpg
https://www.copunderdog.com/shop/sneakers/nike/nike-dunk-low-prime-pink/,Nike Dunk Low ‘Prime Pink’,"₹13,999.00",7,N/A,"Nike,Nike,Nike | Sneakers,Sneakers",,https://www.copunderdog.com/wp-content/uploads/2022/07/184780.jpg
https://www.copunderdog.com/shop/accessories/eastpak/eastpak-springer-stripe-it-black-bum-bag/,Eastpak Springer Stripe-It Black Bum Bag,"₹5,999.00",,,"Accessories,Eastpak",Brand new in store ready to ship,https://www.copunderdog.com/wp-content/uploads/2021/04/861f888dfc9bab820cdee9ea8d4602f7.jpg
https://www.copunderdog.com/shop/streetwear/supreme/supreme-stackable-cups/,Supreme Red Stackable Cups,"₹20,999.00",,,"Accessories,Supreme",Brand new in store ready to ship,https://www.copunderdog.com/wp-content/uploads/2021/01/f5fa9c0cd9fc03a78239fd6d68d974d5.jpg
https://www.copunderdog.com/shop/sneakers/adidas/adidas-pharrell-williams-hu-nmd-noble-ink/,Adidas Pharrell Williams Hu Nmd Noble Ink,"₹22,999.00",8,N/A,"Adidas,Sneakers",Brand New in store ready to ship,https://www.copunderdog.com/wp-content/uploads/2021/04/Adobe_Post_20210412_1904240.2849964342496052.png
https://www.copunderdog.com/shop/sneakers/adidas/adidas-pharrell-williams-human-race-nmd-blue/,Adidas Pharrell Williams Human Race Nmd Blue,"₹34,500.00",7,N/A,"Adidas,Sneakers",,https://www.copunderdog.com/wp-content/uploads/2021/07/nmd-blue.jpg
https://www.copunderdog.com/shop/accessories/swatch-moonswatch-mission-on-earth-swatch-x-omega/,Swatch Moonswatch “Mission On Earth” Swatch x Omega,"₹34,999.00",one size,N/A,Accessories,,https://www.copunderdog.com/wp-content/uploads/2022/12/omega-swatch-omega-earth-swatch-omega-49900-eur-1109549900-eur.jpeg
https://www.copunderdog.com/shop/sneakers/jordans/travis-scott-x-air-jordan-6-retro-olive/,Travis Scott x Air Jordan 6 Retro ‘Olive’,"₹65,000.00",8,N/A,"Jordans,Jordans,Jordans | Sneakers,SALE-2022,Sneakers","BRAND NEW,IN STORE READY TO SHIP",https://www.copunderdog.com/wp-content/uploads/2022/06/air-jordan-6-travis-scott-cn1084-200_1_1000x1000.jpg
https://www.copunderdog.com/shop/streetwear/supreme/supreme-lacoste-messenger-bag/,Supreme Lacoste Messenger Bag,"₹17,999.00",,,"Accessories,Supreme","BRAND NEW,IN STORE READY TO SHIP",https://www.copunderdog.com/wp-content/uploads/2021/03/Adobe_Post_20210320_2131300.633536861250704.png
https://www.copunderdog.com/shop/sneakers/jordans/air-jordan-4-retro-white-oreo/,White Air Jordan 4 Retro ‘White Oreo’,"₹41,500.00",8,N/A,"Jordans,Jordans,Jordans | Sneakers,Sneakers","BRAND NEW,READY TO SHIP",https://www.copunderdog.com/wp-content/uploads/2022/07/image_996ea218-011c-4092-8a26-a7e3cfd70e30_1024x.jpg
https://www.copunderdog.com/shop/streetwear/supreme/supreme-mason-jar-pack-of-2/,Supreme Mason Jar Pack of 2,"₹15,000.00",,,"Accessories,Supreme","BRAND NEW,IN STORE READY TO SHIP",https://www.copunderdog.com/wp-content/uploads/2021/03/Adobe_Post_20210320_2152430.5935736570368861.png
https://www.copunderdog.com/shop/sneakers/jordans/travis-scott-x-air-jordan-1-low-reverse-mocha/,Travis Scott x Air Jordan 1 Low “Reverse Mocha”,"₹145,000.00",7,N/A,"Jordans,Sneakers",BRAND NEW,https://www.copunderdog.com/wp-content/uploads/2022/07/TRAVISSCOTT2_1400x.png
https://www.copunderdog.com/shop/sneakers/jordans/off-white-x-air-jordan-4-retro-sail/,Off White x Air Jordan 4 Retro “Sail”,"₹180,000.00",8,N/A,"Jordans,SALE-2022,Sneakers","BRAND NEW,IN STORE READY TO SHIP",https://www.copunderdog.com/wp-content/uploads/2022/06/womens-air-jordan-4-x-off-white-sail-release-date.jpg
https://www.copunderdog.com/shop/accessories/swatch-moonswatch-mission-to-uranus-swatch-x-omega/,Swatch Moonswatch “Mission To Uranus” Swatch x Omega,"₹34,999.00",one size,N/A,"Accessories,SALE-2022",,https://www.copunderdog.com/wp-content/uploads/2022/12/9-2.jpeg
https://www.copunderdog.com/shop/sneakers/nike-dunk-low-midas-gold/,Nike Dunk Low ‘Midas Gold’,"₹9,999.00","8,9,10",N/A,"SALE-2022,Sneakers","BRAND NEW,IN STORE READY TO SHIP",https://www.copunderdog.com/wp-content/uploads/2022/04/DD1391-701_sivasdescalzo-Nike-Dunk_Low_Retro_Midas_Gold_-1635257835-1.jpg
https://www.copunderdog.com/shop/accessories/adidas-x-undefeated/,Adidas X Undefeated Bag,"₹8,500.00",,,"Accessories,Others | Streetwear,SALE-2022",,https://www.copunderdog.com/wp-content/uploads/2022/05/addp0244_1.jpg
https://www.copunderdog.com/shop/sneakers/nike/off-white-x-blazer-low-black-and-electro-green/,Off-White x Blazer Low ‘Black and Electro Green’,"₹29,999.00","7.5,8,9,10.5",N/A,"Nike,Nike,SALE-2022,Sneakers",,https://www.copunderdog.com/wp-content/uploads/2022/05/Off-White_x_Nike_Blazer_Low_Black_Electro_Green_1800x1800.png
https://www.copunderdog.com/shop/sneakers/nike/dunk-low-x-union-argon/,Nike Dunk Low x UNION “Argon”,"₹34,500.00","8,9",N/A,"Nike,Sneakers","BRAND NEW, ",https://www.copunderdog.com/wp-content/uploads/2022/04/dunk-low-x-union-argon-dj9649-400-release-date.jpg
https://www.copunderdog.com/shop/sneakers/nike/nike-dunk-low-champ-colours/,Nike Dunk Low ‘Champ Colours’,"₹25,999.00","9,10.5",N/A,"Nike,Nike,Nike | Sneakers,Sneakers",,https://www.copunderdog.com/wp-content/uploads/2022/07/dunk-low-champ-colors-release-date-11.jpg
https://www.copunderdog.com/shop/sneakers/jordans/dunk-low-wolf-grey/,Nike Dunk Low Wolf Grey Pure Platinum,"₹22,000.00",10,N/A,"Jordans,Sneakers",,https://www.copunderdog.com/wp-content/uploads/2022/02/dunk-low-retro-pure-platinum-dj6188-001-release-date.jpeg
https://www.copunderdog.com/shop/sneakers/nike/nike-dunk-high-team-red/,Nike Dunk High Team Red,"₹19,500.00",7,N/A,"Nike,Sneakers",,https://www.copunderdog.com/wp-content/uploads/2022/02/20.png
https://www.copunderdog.com/shop/accessories/eastpak/eastpak-springer-melted-mint/,Eastpak Springer Melted Mint,"₹5,999.00",,,"Accessories,Eastpak",Brand new in store ready to ship,https://www.copunderdog.com/wp-content/uploads/2021/04/EK000074_B62_1.jpg
https://www.copunderdog.com/shop/sneakers/jordans/air-jordan-1-high-neutral-grey/,Nike Air Jordan 1 High OG Neutral Grey ’85,"₹45,000.00","8,9.5",N/A,"Jordans,Sneakers",,https://www.copunderdog.com/wp-content/uploads/2021/06/neutral.jpg
https://www.copunderdog.com/shop/sneakers/yeezy/adidas-yeezy-boost-350-v2-beluga-reflective/,Adidas Yeezy Boost 350 V2 Beluga,"₹42,999.00",8,N/A,"Sneakers,Yeezy","BRAND NEW,IN STORE READY TO SHIP",https://www.copunderdog.com/wp-content/uploads/2021/12/PHOTO-2021-12-28-11-17-53.jpg
https://www.copunderdog.com/shop/sneakers/jordans/air-jordan-1-low-white-curry/,Nike Air Jordan 1 Low Light Curry,"₹15,999.00","7,9",N/A,"Jordans,SALE-2022,Sneakers",,https://www.copunderdog.com/wp-content/uploads/2022/02/35.png
https://www.copunderdog.com/shop/sneakers/jordans/air-jordan-1-high-volt-gold/,Nike Air Jordan 1 High Volt Gold,"₹22,999.00",9.5,N/A,"Jordans,Sneakers","BRAND NEW,IN STORE READY TO SHIP",https://www.copunderdog.com/wp-content/uploads/2020/11/6.png
https://www.copunderdog.com/shop/sneakers/jordans/air-jordan-1-low-chicago-bulls-reverse-black-toe/,Nike Air Jordan 1 Low Chicago Bulls / Reverse Black Toe,"₹16,999.00","6,7,8,9,11",N/A,"Jordans,Sneakers",BRAND NEW,https://www.copunderdog.com/wp-content/uploads/2022/04/Air-Jordan-1-Low-Reverse-Black-Toe-553558-163-01-750x750-1.jpeg
https://www.copunderdog.com/shop/sneakers/jordans/jordan-1-light-fusion-red/,Nike Air Jordan 1 High Light Fusion Red,"₹19,999.00","6.5,9,11",N/A,"Jordans,Sneakers",,https://www.copunderdog.com/wp-content/uploads/2021/04/15-2.png
https://www.copunderdog.com/shop/sneakers/adidas/adidas-yeezy-powerphase-calabases-core-white/,Adidas Yeezy Powerphase Calabases Core White,"₹16,100.00",8,N/A,"Adidas,Sneakers",,https://www.copunderdog.com/wp-content/uploads/2021/07/calab.jpg
https://www.copunderdog.com/shop/sneakers/jordans/air-jordan-1-high-handcrafted/,Nike Air Jordan 1 High “Craft” Handcrafted,"₹22,999.00",9.5,N/A,"Jordans,Sneakers","BRAND NEW, ",https://www.copunderdog.com/wp-content/uploads/2021/12/43.png
https://www.copunderdog.com/shop/sneakers/jordans/air-jordan-1-low-triple-white/,Nike Air Jordan 1 Low ‘Triple White’,"₹16,999.00","6.5,7.5",N/A,"Jordans,Jordans,Jordans | Sneakers,Sneakers",,https://www.copunderdog.com/wp-content/uploads/2022/04/air-jordan-1-low-triple-white-553558-130-16196187276113.jpg
https://www.copunderdog.com/shop/sneakers/jordans/air-jordan-1-low-marina-blue/,Nike Air Jordan 1 Low ‘Marina Blue’,"₹16,999.00","4,7",N/A,"Jordans,Jordans,Sneakers",,https://www.copunderdog.com/wp-content/uploads/2022/05/DC0774-114_sivasdescalzo-Jordan-Women_s_Air_Jordan_1_Low_Marina_Blue_-1649409368-1.jpg
https://www.copunderdog.com/shop/sneakers/jordans/air-jordan-1-low-madder-root/,Nike Air Jordan 1 Low Madder Root,"₹17,999.00","6.5,9",N/A,"Jordans,SALE-2022,Sneakers",BRAND NEW,https://www.copunderdog.com/wp-content/uploads/2022/02/41.png
https://www.copunderdog.com/shop/sneakers/jordans/air-jordan-1-high-bordeaux/,Nike Air Jordan 1 Retro High OG ‘Bordeaux’,"₹21,999.00",5.5,N/A,"Jordans,Sneakers","BRAND NEW,IN STORE READY TO SHIP",https://www.copunderdog.com/wp-content/uploads/2021/11/air-jordan-1-bordeaux-555088-611-release-date.jpg
https://www.copunderdog.com/shop/sneakers/air-jordan-1-low-plum/,Nike Air Jordan 1 Low Mulberry,"₹14,999.00",6,N/A,"Bae Section,SALE-2022,Sneakers",,https://www.copunderdog.com/wp-content/uploads/2021/10/DC7268-500-1-850x850-1.jpg
https://www.copunderdog.com/shop/sneakers/jordans/air-jordan-4-metallic-orange/,Air Jordan 4 Metallic Orange,"₹39,999.00",11,N/A,"Jordans,Sneakers",,https://www.copunderdog.com/wp-content/uploads/2021/10/jordan-4-red.jpg
https://www.copunderdog.com/shop/sneakers/jordans/jordan-1-low-court-purple/,Nike Air Jordan 1 Low Court Purple,"₹30,999.00",8,N/A,"Jordans,Jordans,Jordans | Sneakers,Sneakers",,https://www.copunderdog.com/wp-content/uploads/2022/06/b92c9d61c926978a1cf0fbfd6fde752d.jpeg
https://www.copunderdog.com/shop/sneakers/jordans/air-jordan-1-mid-south-beach/,Nike Air Jordan 1 Mid SE South Beach,"₹19,999.00","11,12",N/A,"Jordans,SALE-2022,Sneakers","BRAND NEW,IN STORE READY TO SHIP",https://www.copunderdog.com/wp-content/uploads/2021/12/southbeach_1200x.webp
https://www.copunderdog.com/shop/sneakers/others/new-balance-2002r-conversations-amongst-us/,New Balance 2002R “Conversations Amongst Us”,"₹25,500.00",8,N/A,"Others,Sneakers",,https://www.copunderdog.com/wp-content/uploads/2022/07/M2002RJ1.webp
https://www.copunderdog.com/shop/sneakers/jordans/air-jordan-1-retro-ajko-rush-orange-syracuse/,Air Jordan 1 Retro AJKO Rush Orange ‘Syracuse’,"₹16,500.00",7,N/A,"Jordans,Jordans,Jordans | Sneakers,Sneakers",,https://www.copunderdog.com/wp-content/uploads/2022/05/ajko-1-rush-orange-do5047-801-release-date.jpg
https://www.copunderdog.com/shop/sneakers/jordans/air-jordan-6-retro-unc/,Air Jordan 6 Retro “UNC”,"₹24,999.00","7,8,8.5,9,10",N/A,"Jordans,SALE-2022,Sneakers","BRAND NEW,IN STORE READY TO SHIP",https://www.copunderdog.com/wp-content/uploads/2022/03/Air-Jordan-6-UNC-CT8529-410-01-750x750-1.jpeg
https://www.copunderdog.com/shop/sneakers/jordans/air-jordan-1-low-utility-black/,Nike Air Jordan 1 Low Utility Black,"₹16,999.00","5,6",N/A,"Jordans,Sneakers","BRAND NEW,READY TO SHIP, ",https://www.copunderdog.com/wp-content/uploads/2021/12/5P418_1105_left2.webp
https://www.copunderdog.com/shop/sneakers/jordans/air-jordan-ko-1-chicago/,Air Jordan KO 1 Chicago,"₹27,500.00",8,N/A,"Jordans,SALE-2022,Sneakers","BRAND NEW,IN STORE READY TO SHIP",https://www.copunderdog.com/wp-content/uploads/2021/06/aj.ko_.jpg
https://www.copunderdog.com/shop/sneakers/nike/nike-air-max-97-1-shawnwitherspoon/,Nike Air Max 97/1 Sean Wotherspoon,"₹110,000.00",6.5,N/A,"Bae Section,Nike,SALE-2022,Sneakers","Pads,In store ready to ship",https://www.copunderdog.com/wp-content/uploads/2021/04/Adobe_Post_20210408_1632360.14526081000923263.png
https://www.copunderdog.com/shop/sneakers/jordans/air-jordan-4-retro-university-blue/,Nike Air Jordan 4 Retro University Blue,"₹44,999.00","4.5,8",N/A,"Bae Section,Jordans,Sneakers","BRAND NEW,READY TO SHIP",https://www.copunderdog.com/wp-content/uploads/2021/04/5.png
https://www.copunderdog.com/shop/sneakers/nike/dunk-low-next-to-nature-sail/,Dunk Low Next To Nature Sail,"₹15,999.00",4.5,N/A,"Bae Section,Nike,Sneakers",,https://www.copunderdog.com/wp-content/uploads/2021/10/next-to-nature-sail.jpg
https://www.copunderdog.com/shop/sneakers/jordans/air-jordan-4-lightning-yellow/,Air Jordan 4 Lightning Yellow,"₹25,999.00","5.5,6,8",N/A,"Jordans,Sneakers",,https://www.copunderdog.com/wp-content/uploads/2021/08/lightning-4.jpg
https://www.copunderdog.com/shop/sneakers/nike/nike-dunk-low-black-multi-camo/,Nike Dunk Low Black Multi Camo,"₹14,999.00",10,N/A,"Nike,SALE-2022,Sneakers",,https://www.copunderdog.com/wp-content/uploads/2021/09/camo-1.jpg
https://www.copunderdog.com/shop/sneakers/nike/nike-dunk-high-spartan-green/,Nike Dunk High Spartan Green,"₹28,999.00",9.5,N/A,"Nike,Sneakers",,https://www.copunderdog.com/wp-content/uploads/2020/11/dunk-high-spartan-green-release-date.jpg
https://www.copunderdog.com/shop/sneakers/nike/nike-dunk-high-panda/,Nike Dunk High Panda,"₹17,999.00","2.5,5",N/A,"Bae Section,Nike,Sneakers","BRAND NEW,IN STORE READY TO SHIP",https://www.copunderdog.com/wp-content/uploads/2021/10/41.png
https://www.copunderdog.com/shop/sneakers/nike/ambush-x-nike-dunk-high-black/,Ambush x Nike Dunk High Black,"₹75,000.00",11.5,N/A,"Nike,Sneakers","BRAND NEW,IN STORE READY TO SHIP",https://www.copunderdog.com/wp-content/uploads/2021/08/Adobe_Post_20210818_1651380.13355480449235302.png
https://www.copunderdog.com/shop/sneakers/nike/nike-dunk-high-syracuse/,Nike Dunk High Syracuse,"₹22,500.00",8,N/A,"Nike,SALE-2022,Sneakers","Brand new,in store ready to ship",https://www.copunderdog.com/wp-content/uploads/2021/03/8.png
https://www.copunderdog.com/shop/sneakers/nike/nike-dunk-low-dusty-olive/,Nike Dunk Low Dusty Olive,"₹32,000.00",9,N/A,"Nike,Nike,SALE-2022,Sneakers",BRAND NEW IN STORE READY TO SHIP,https://www.copunderdog.com/wp-content/uploads/2022/01/28.jpeg
https://www.copunderdog.com/shop/sneakers/nike/nike-dunk-low-championship-red/,Nike Dunk Low Championship Red,"₹14,999.00","8,9",N/A,"Nike,Sneakers",,https://www.copunderdog.com/wp-content/uploads/2021/09/champ.jpg
https://www.copunderdog.com/shop/sneakers/jordans/nike-ld-waffle-sacai-blue-multi/,Nike LD Waffle Sacai Blue Multi,"₹65,000.00",9.5,N/A,"Jordans,Sneakers",,https://www.copunderdog.com/wp-content/uploads/2021/08/34.png
https://www.copunderdog.com/shop/sneakers/nike/nike-dunk-low-co-jp-samba/,Nike Dunk Low Co.Jp Samba,"₹29,999.00","9,10",N/A,"Nike,Sneakers",,https://www.copunderdog.com/wp-content/uploads/2020/11/dunk-low-samba-release-date.jpg
https://www.copunderdog.com/shop/sneakers/nike/nike-x-sacai-blazer-low-british-tan/,Nike X Sacai Blazer Low British Tan,"₹15,999.00",8,N/A,"Nike,SALE-2022,Sneakers",,https://www.copunderdog.com/wp-content/uploads/2021/08/39-1.png
https://www.copunderdog.com/shop/sneakers/nike/off-white-dunk-low-lot-23/,Off-White Dunk Low Lot-23,"₹60,000.00",7,N/A,"Nike,Nike,SALE-2022,Sneakers",,https://www.copunderdog.com/wp-content/uploads/2021/12/PHOTO-2021-12-28-11-17-53-3.jpg
https://www.copunderdog.com/shop/sneakers/nike/nike-kwondo-1-gdragon-peaceminusone-triple-white-copy/,Nike Kwondo 1 Gdragon Peaceminusone Triple White,"₹15,999.00","6.5,8.5",N/A,"Nike,Sneakers",Brand new in store ready to ship,https://www.copunderdog.com/wp-content/uploads/2021/12/kwondo.jpg
https://www.copunderdog.com/shop/sneakers/nike/dunk-low-golden-rod/,Nike Dunk Low Goldenrod,"₹14,999.00",7,N/A,"Nike,Sneakers",,https://www.copunderdog.com/wp-content/uploads/2021/10/golden-rod.jpg
https://www.copunderdog.com/shop/sneakers/nike/sacai-x-nike-vaporwaffle-black/,Sacai X Nike Vaporwaffle Sesame,"₹39,500.00",10.5,N/A,"Nike,Sneakers",,https://www.copunderdog.com/wp-content/uploads/2021/04/nike-x-sacai-vaporwaffle-sesame-and-blue-void-release-date.jpg
https://www.copunderdog.com/shop/sneakers/reebok-classic-cl-nu-beige/,Reebok Classic Cl Nu Alabaster,"₹4,999.00",7,N/A,Sneakers,"Brand new,No box",https://www.copunderdog.com/wp-content/uploads/2021/02/Adobe_Post_20210204_1808450.9742964793125887.png
